{
  "template": "https://github.com/Azure-Samples/Azure-Python-Standardization-Template-Generator",
  "commit": "984454a27bd81d8d26794bd3464e9b1b5714ff66",
  "checkout": null,
  "context": {
    "cookiecutter": {
      "project_name": "Relecloud",
      "python_version": "3.12",
      "project_backend": "django",
      "db_resource": "postgres-flexible",
      "project_host": "aca",
      "web_port": "8000",
      "__repo_name": "Relecloud-django-postgres-flexible-aca",
      "__src_folder_name": "azure-django-postgres-flexible-aca",
      "__project_short_description": "Create a relecloud demo application with django and postgres-flexible",
      "_copy_without_render": [
        ".github/workflows/azure-dev.yml",
        ".github/workflows/cruft.yml",
        ".github/workflows/devcontainer-ci.yml",
        ".github/workflows/format.yml"
      ],
      "_extensions": [
        "extensions.GetUrlForBackend"
      ],
      "_jinja2_env_vars": {
        "lstrip_blocks": true,
        "trim_blocks": true
      },
      "_template": "https://github.com/Azure-Samples/Azure-Python-Standardization-Template-Generator"
    }
  },
  "directory": null
}