<?xml version="1.0" encoding="UTF-8"?>
<project-private xmlns="http://www.netbeans.org/ns/project-private/1">
    <editor-bookmarks xmlns="http://www.netbeans.org/ns/editor-bookmarks/2" lastBookmarkId="0"/>
    <open-files xmlns="http://www.netbeans.org/ns/projectui-open-files/2">
        <group>
            <file>file:/D:/FAST/5th%20Semester%20%20%20%20(Fall%202017)/Web%20Programming/Project/Flight%20Booking%20System/Project/airlines/src/java/customer/ChooseFlight.java</file>
            <file>file:/D:/FAST/5th%20Semester%20%20%20%20(Fall%202017)/Web%20Programming/Project/Flight%20Booking%20System/Project/airlines/web/ShowItinery.jsp</file>
        </group>
    </open-files>
</project-private>
