{
    "$schema": "https://schema.management.azure.com/schemas/2019-04-01/deploymentParameters.json#",
    "contentVersion": "1.0.0.0",
    "parameters": {
      "name": {
        "value": "${AZURE_ENV_NAME}"
      },
      "location": {
        "value": "${AZURE_LOCATION}"
      },
      "principalId": {
        "value": "${AZURE_PRINCIPAL_ID}"
      },
      "webAppExists": {
        "value": "${SERVICE_WEB_RESOURCE_EXISTS=false}"
      },
      "dbserverPassword": {
        "value": "$(secretOrRandomPassword ${AZURE_KEY_VAULT_NAME} DBSERVERPASSWORD)"
      },
      "secretKey": {
        "value": "$(secretOrRandomPassword ${AZURE_KEY_VAULT_NAME} SECRETKEY)"
      }
    }
  }
